"","Player","Position","MatchesPlayed","MatchesStarted","MinutesPlayed","MinutesPer90","GoalsAgainst","GoalsAgainstPer90","ShotsOnTargetAgainst","Saves","SavePercent","Wins","Draws","Losses","CleanSheets","CleansSheetPct","PKsAgainst","PKgoalsAgainst","PKsaves","PKMissedAgainst","PKSavePct","Shots","ShotsOnTarget","PctShotsOnTarget","ShotsPer90","ShotsOnTargetPer90","GoalsPerShot","GoalsPerShotOnTarget","AvgShotDistance","Goals","Assists","GoalContributions","GoalsMinusPKs","Pkgoals","Pkattempts","YellowCards","RedCards","GoalsPer90","AssistsPer90","GoalsContributionsPer90","GoalsNoPKsPer90","CompletePasses","PassAttempt","PassCompletePct","TotalPassDistance","ProgressivePassDistance","CompleteShortPass","ShortPassAttempt","ShortPassCompletePct","CompleteMedPass","MedPassAttempt","MedPassCompletePct","CompleteLongPass","LongPassAttempt","LongPassCompletePct","AssistsMinusXA","KeyPasses","PassFinal3rd","PassPKArea","CrossPKArea","Tackles","TacklePossession","Def3rdTackles","Mid3rdTackles","Atk3rdTackles","TackleAttempt","TacklePct","LostTackle","TotalBlocks","ShotBlocks","PassBlocks","Interceptions","Tackle.Interception","Clearances","ErrorsToShots","NumberTouches","DefPKTouches","Def3rdTouches","Mid3rdTouches","Atk3rdTouches","AtkPKTouches","LiveBallTouches","AttackingTakeOn","SuccessfulTakeOn","TakeOnPct","TimesTackled","TimesTackledPct","Carries","CarryDistance","ProgressiveCarryDistance","Atk3rdCarries","AtkPKCarries","Miscontrols","Dispossed","OwnGoals","concede2","concede4","concede6","concede8","concede10","SquadRank","higher_year","team_name","InjuryGamesMissed"
"1","Aaron Ramsdale","GKP",37,37,3330,37,42,1.135,134,93,71.3,24.75,5.25,7,13.5,36.425,5.25,3.5,0,1.75,0,0,0,NA,0,0,NA,NA,NA,0,0,0,0,0,0,1,0,0,0,0,0,769.5,1127.75,68.25,19360.5,13426.25,191.5,196.75,97.3,385.75,393.5,98.025,190.25,530.75,35.825,0,0,29,1.5,0,1.25,1,1.25,0,0,1.25,87.5,0.25,0,0,0,0,1.25,21.5,5.25,1211.5,885.75,1188.75,24.75,0,0,1211.5,1,1,100,0,0,743.25,3991.75,2465.75,0.75,0,0.25,0,NA,16.25,2.25,0,0,0,1.5,2023,"Arsenal FC",NA
"2","Alisson","GKP",36.75,36.75,3307.5,36.75,38.25,1.0375,135,97.75,73.025,21,8.5,7.25,15.5,42.25,3,1.5,0.75,0.75,NA,0,0,NA,0,0,NA,NA,NA,0,1,1,0,0,0,0.75,0,0,0.03,0.03,0,1234.25,1436.75,85.925,28892,18593.5,299,300.75,99.45,664.25,674.25,98.475,267,454,58.875,0.725,1,16,0.25,0,0.75,0.25,0.75,0,0,3.5,15,2.75,2.5,0,2.5,0,0.75,22,0.25,1519.25,1103.5,1486.5,33.5,0,0,1519.25,1.75,1.75,100,0,0,957,4383.75,2777.25,0,0,1,0,NA,13.5,1.25,0.75,0,0,1.5,2023,"Liverpool FC",NA
"3","Alphonse Areola","GKP",4,1.75,254.25,2.8,5.5,1.78,12.75,7.25,68.275,0,0.75,1,0.75,37.5,1.5,1.5,0,0,NA,0,0,NA,0,0,NA,NA,NA,0,0,0,0,0,0,0,0,0,0,0,0,55.5,79,67.725,1499,1156.25,19.25,19.25,100,18.5,18.5,100,17,39.75,42.325,0,0,0,0,0,0,0,0,0,0,0,NA,0,0,0,0,0,0,0.25,0,84,78.25,84,0,0,0,84,0,0,NA,0,NA,44.75,211,125,0,0,0,0,NA,0.75,0,0,0,0,3.5,2023,"West Ham United",NA
"4","Alvaro Fernandez","GKP",12,12,1080,12,24,2,69,47,66.7,3,2,7,1,8.3,1,1,0,0,0,0,0,NA,0,0,NA,NA,NA,0,0,0,0,0,0,0,0,0,0,0,0,336,517,65,8817,5774,77,79,97.5,149,154,96.8,109,282,38.7,0,0,10,0,0,0,0,0,0,0,0,NA,0,0,0,0,0,0,5,2,546,422,540,6,0,0,546,0,0,NA,0,NA,340,1672,890,0,0,1,0,NA,3,0,0,0,0,2,2022,"Manchester United",NA
"5","Bernd Leno","GKP",28,28,2520,28,40.5,1.6275,148.75,109,70.975,11.5,3.75,12.75,6.25,22.9,6,5.25,0.75,0,NA,0,0,NA,0,0,NA,NA,NA,0,0,0,0,0,0,2.25,0,0,0,0,0,851.5,1076.5,76.15,20784.75,12685.75,180,180.75,99.7,495.25,498.25,99.55,174.5,394,44.05,0,0.75,8.25,0,0,0.25,0.25,0.25,0,0,1.75,25,1.5,0,0,0,0,0.25,13.75,0,1155.5,916,1150.25,5.25,0,0,1155.5,0,0,NA,0,NA,658,3126.5,1811,0,0,0.75,0,NA,10.75,0.75,0,0,0,1.5,2023,"Fulham FC",NA
"6","Caoimhin Kelleher","GKP",1.66666666666667,1.66666666666667,150,1.66666666666667,2.66666666666667,2,8.66666666666667,6,70,0.666666666666667,1,0,0.666666666666667,33.3333333333333,0,0,0,0,NA,0,0,NA,0,0,NA,NA,NA,0,0,0,0,0,0,0,0,0,0,0,0,63,68.6666666666667,92.7333333333333,1292.33333333333,652,16.3333333333333,16.3333333333333,100,38,38,100,8,13.6666666666667,63.7333333333333,0,0,0.333333333333333,0,0,0.666666666666667,0.666666666666667,0.666666666666667,0,0,0.666666666666667,NA,0,0,0,0,0,0.666666666666667,0.666666666666667,0,72,53.3333333333333,72,0,0,0,72,0,0,NA,0,NA,48.6666666666667,166.333333333333,104.666666666667,0,0,0,0,NA,1.66666666666667,1,0,0,0,3.5,2022,"Liverpool FC",NA
"7","Daniel Bentley","GKP",2,2,180,2,3,1.5,13,10,76.9,0,1,1,0,0,0,0,0,0,NA,0,0,NA,0,0,NA,NA,NA,0,0,0,0,0,0,0,0,0,0,0,0,61,80,76.3,1540,927,12,12,100,34,34,100,15,34,44.1,0,0,0,0,0,1,1,1,0,0,1,100,0,0,0,0,0,1,0,0,87,83,87,0,0,0,87,0,0,NA,0,NA,29,193,133,0,0,0,0,NA,0,0,0,0,0,3,2023,"Wolverhampton Wanderers",NA
"8","David Raya","GKP",34.5,34.5,3105,34.5,41.25,1.19,173.5,134.5,77.7,13.75,11.75,9,11,32.025,2.5,2.5,0,0,0,0.75,0,NA,0.0225,0,NA,NA,NA,0,0,0,0,0,0,1,0,0,0,0,0,974.75,1501.25,65.2,31916.25,24598.75,132.5,135.75,97.575,422.75,432.25,97.775,418.25,925.75,45.375,-0.075,1.75,67.5,2.25,0,0,0,0,0,0,1.5,NA,1.5,1,0,1,0.75,0.75,10,1.75,1576.25,1161.25,1488.5,89.25,0.75,0.75,1576.25,0.75,0.75,NA,0,NA,945.25,5371.5,3408.75,0,0,0.5,0,NA,13,0.25,0,0,0,1.5,2023,"Brentford FC",NA
"9","Dean Henderson","GKP",18,18,1620,18,31,1.72,85,52,65.9,5,5,8,6,33.3,5,2,2,1,50,0,0,NA,0,0,NA,NA,NA,0,0,0,0,0,0,2,0,0,0,0,0,425,671,63.3,12543,8838,80,80,100,186,188,98.9,159,400,39.8,0,0,11,1,0,0,0,0,0,0,0,NA,0,0,0,0,0,0,12,1,715,600,711,5,0,0,715,0,0,NA,0,NA,397,2242,1245,0,0,1,0,NA,4,0,0,0,0,1,2023,"Manchester United",NA
"10","Ederson","GKP",36.3333333333333,36.3333333333333,3270,36.3333333333333,28,0.77,81,53.3333333333333,67.3666666666667,27.3333333333333,5.33333333333333,3.66666666666667,17,46.5333333333333,1.66666666666667,1.66666666666667,0,0,0,0,0,NA,0,0,NA,NA,NA,0,0.333333333333333,0.333333333333333,0,0,0,3,0,0,0.01,0.01,0,1037,1171,88.6666666666667,23942,15575,265.666666666667,266.333333333333,99.7333333333333,533.666666666667,539.333333333333,98.9333333333333,234,358,65.7,0.266666666666667,0.333333333333333,9,0.666666666666667,0,2.33333333333333,1,2.33333333333333,0,0,2,16.6666666666667,1.66666666666667,0,0,0,0.333333333333333,2.66666666666667,11.3333333333333,0.666666666666667,1213.33333333333,953.666666666667,1204.33333333333,9.66666666666667,0,0,1213.33333333333,0,0,NA,0,NA,819.666666666667,3636.33333333333,2285.66666666667,0,0,0,0,NA,15.6666666666667,4,0,0,0,1.5,2022,"Manchester City",NA
"11","Emiliano Martinez","GKP",36,36,3206.33333333333,35.6333333333333,44.6666666666667,1.25,137.333333333333,94.3333333333333,70.4666666666667,14.3333333333333,6.33333333333333,15.3333333333333,11,30.6,5.66666666666667,4,1,0.666666666666667,20,0,0,NA,0,0,NA,NA,NA,0,0,0,0,0,0,5,0,0,0,0,0,886,1198,73.9666666666667,23040.3333333333,15505,207.333333333333,208.333333333333,99.5,428.666666666667,435.666666666667,98.3666666666667,246.666666666667,545.666666666667,45.2,-0.1,0.666666666666667,17,0,0,0.666666666666667,0.666666666666667,0.666666666666667,0,0,2.66666666666667,22.2,2,0,0,0,0.333333333333333,1,11.6666666666667,1,1265,1064,1247.66666666667,18.3333333333333,0,0,1265,0,0,NA,0,NA,711.666666666667,3919.33333333333,2377,0,0,0.666666666666667,0,NA,11.6666666666667,2,0,0,0,1.5,2022,"Aston Villa",NA
"12","Fraser Forster","GKP",17.3333333333333,17,1545,17.1666666666667,31.3333333333333,1.82,85.6666666666667,55.3333333333333,64.8666666666667,5.66666666666667,4.33333333333333,7,3,18.2333333333333,2.33333333333333,2,0.333333333333333,0,11.1,0,0,NA,0,0,NA,NA,NA,0,0,0,0,0,0,1,0,0,0,0,0,328.666666666667,523,64.2333333333333,9745.66666666667,7031,58.3333333333333,59,98.6666666666667,153,157.666666666667,97.1333333333333,116.333333333333,302.666666666667,38.6666666666667,0,0,8,0,0,1,0,1,0,0,0.666666666666667,NA,0.666666666666667,0.333333333333333,0,0.333333333333333,0,1,16.3333333333333,1.66666666666667,580.333333333333,459.333333333333,576.666666666667,3.66666666666667,0,0,580.333333333333,0,0,NA,0,NA,291.666666666667,1806,1003.33333333333,0,0,0.333333333333333,0,NA,6.66666666666667,1,0.666666666666667,0,0,5.5,2022,"Tottenham Hotspur",NA
"13","Hugo Lloris","GKP",33.6666666666667,33.6666666666667,3015,33.5,39.6666666666667,1.23,130.333333333333,91.6666666666667,70.7,19,4.33333333333333,10.3333333333333,13,37.4,1.66666666666667,1.66666666666667,0,0,0,0,0,NA,0,0,NA,NA,NA,0,0,0,0,0,0,1.33333333333333,0,0,0,0,0,698.333333333333,880.666666666667,79.1,16900,10955.3333333333,222.666666666667,227,98.1,277,280,99,189.333333333333,360.333333333333,52.2333333333333,-0.133333333333333,1.33333333333333,14.3333333333333,0.666666666666667,0,1,1,1,0,0,2.33333333333333,44.4333333333333,1.33333333333333,0,0,0,1,2,20.3333333333333,3.33333333333333,962,875,959.333333333333,2.66666666666667,0,0,962,0,0,NA,0,NA,506,2933,1818.66666666667,0,0,2,0,NA,12.6666666666667,2.33333333333333,0,0,0,1.5,2022,"Tottenham Hotspur",NA
"14","Jason Steele","GKP",11.5,11.5,1035,11.5,17.75,1.6475,44,27.75,61.05,5.25,2.25,4,4.5,30,1.5,0.75,0.75,0,NA,0,0,NA,0,0,NA,NA,NA,0,0.75,0.75,0,0,0,0.75,0,0,0.0525,0.0525,0,367,415.25,88.675,7464.75,5293.5,136.5,138.75,98.8,167.25,171.75,97.975,61,99.5,58.625,0.675,0.75,1.5,0,0,0,0,0,0,0,0.75,NA,0.75,0,0,0,0,0,4.5,0.75,440.75,361,437.75,3.25,0,0,440.75,0.75,0.75,NA,0,NA,287.5,1280.75,658,0,0,0,0,NA,3.75,0.75,0,0,0,1.5,2023,"Brighton & Hove Albion",NA
"15","Jordan Pickford","GKP",36.5,36.5,3285,36.5,57.25,1.57,178.25,121.25,70.1,7.75,10.5,18.25,7.75,21.2,4.75,4,0.75,0,12.525,0,0,NA,0,0,NA,NA,NA,0,0.75,0.75,0,0,0,5,0,0,0.0225,0.0225,0,713.75,1270.75,56.075,24661,19490,139.25,140,99.55,232.5,237.25,98.025,336.75,881,38.2,0.65,2.5,58.75,1.5,0,0.25,0.25,0.25,0,0,1,0,1,0.25,0,0.25,3.25,3.5,14.75,2.5,1367.25,1010.25,1316.5,53,0,0,1367.25,0.25,0.25,NA,0,NA,709,4749.75,3066.25,0,0,0.75,0.75,NA,12.75,2.75,0,0,0,1.5,2023,"Everton FC",NA
"16","Jose Sa","GKP",36.6666666666667,36.6666666666667,3270,36.3333333333333,45,1.24333333333333,160.333333333333,115.666666666667,76.1,13.6666666666667,5.66666666666667,17.3333333333333,11,30,8,6.66666666666667,0.666666666666667,0.666666666666667,16.6666666666667,0,0,NA,0,0,NA,NA,NA,0,0.666666666666667,0.666666666666667,0,0,0,2.66666666666667,0,0,0.02,0.02,0,792.333333333333,1139.33333333333,69.5333333333333,20177,13083,175,178,98.3,402.666666666667,411.666666666667,97.8666666666667,209.333333333333,539.333333333333,38.7666666666667,0.0666666666666667,2,12.6666666666667,0.666666666666667,0,1.66666666666667,0.666666666666667,1.66666666666667,0,0,3,66.6666666666667,1.33333333333333,0,0,0,1.33333333333333,3,16,5.33333333333333,1229.66666666667,1121.66666666667,1222.33333333333,7.66666666666667,0,0,1229.66666666667,3.33333333333333,3.33333333333333,100,0,0,671.666666666667,4323,2916.33333333333,0.666666666666667,0.666666666666667,2.66666666666667,0,NA,9,1.33333333333333,0,0,0,1.5,2022,"Wolverhampton Wanderers",NA
"17","Joseph Whitworth","GKP",2,2,180,2,5,2.5,10,5,50,0,0,2,0,0,0,0,0,0,NA,0,0,NA,0,0,NA,NA,NA,0,0,0,0,0,0,0,0,0,0,0,0,61,83,73.5,1486,886,12,12,100,36,37,97.3,13,34,38.2,0,0,0,0,0,0,0,0,0,0,0,NA,0,0,0,0,0,0,1,0,87,79,87,0,0,0,87,0,0,NA,0,NA,52,208,109,0,0,0,0,NA,0,0,0,0,0,4,2023,"Crystal Palace",NA
"18","Kepa Arrizabalaga","GKP",22.75,22.75,2013.75,22.375,25.25,0.995,93.25,70.25,76.125,6.5,7,9.25,7.25,35.75,0.75,0.75,0,0,NA,0,0,NA,0,0,NA,NA,NA,0,0,0,0,0,0,0.75,0,0,0,0,0,682,819,83.3,15073.75,8921,224.25,225.75,99.475,306.25,310,99.025,147.75,278.75,51.825,0,0,4.75,0,0,1.5,1.5,1.5,0,0,2.25,NA,0.75,0,0,0,0.75,2.25,13,1.5,875.75,700.25,863.75,12,0,0,875.75,0.75,0.75,NA,0,NA,515.75,2270.75,1316.75,0,0,0.75,0,NA,6.25,0,0,0,0,3.5,2023,"Chelsea FC",NA
"19","Lukasz Fabianski","GKP",36.6666666666667,36.6666666666667,3257,36.2,49.3333333333333,1.36333333333333,159.333333333333,109.333333333333,70.3,14.3333333333333,7.33333333333333,15,8,21.8,5.33333333333333,2,2.33333333333333,1,51.1,0,0,NA,0,0,NA,NA,NA,0,0,0,0,0,0,1.66666666666667,0,0,0,0,0,643.333333333333,985.333333333333,65.2333333333333,20056,15521.3333333333,112.333333333333,113,99.4,255,258.666666666667,98.5666666666667,272,607.666666666667,44.7666666666667,0,0,10.6666666666667,0,0,0.666666666666667,0,0.666666666666667,0,0,0.666666666666667,NA,0.333333333333333,0.333333333333333,0,0.333333333333333,0,0.666666666666667,10.6666666666667,0.333333333333333,1057.66666666667,942.333333333333,1054,3.66666666666667,0,0,1057.66666666667,0,0,NA,0,NA,564,3591.33333333333,2244,0,0,1,0.666666666666667,NA,14.3333333333333,3.33333333333333,0,0,0,1.5,2022,"West Ham United",NA
"20","Marek Rodak","GKP",2,2,180,2,2,1,4,2,50,0,2,0,1,50,0,0,0,0,NA,0,0,NA,0,0,NA,NA,NA,0,0,0,0,0,0,0,0,0,0,0,0,29,61,47.5,1170,1037,3,3,100,8,9,88.9,17,48,35.4,0,0,0,0,0,0,0,0,0,0,0,NA,0,0,0,0,0,0,1,1,65,58,65,0,0,0,65,0,0,NA,0,NA,36,206,94,0,0,1,0,NA,1,0,0,0,0,3,2023,"Fulham FC",NA
"21","Martin Dubravka","GKP",18,17.6666666666667,1612.33333333333,17.9,23.6666666666667,1.09,73.6666666666667,51,74.9,8.66666666666667,3,6,5.33333333333333,20.5333333333333,0.666666666666667,0.666666666666667,0,0,NA,0,0,NA,0,0,NA,NA,NA,0,0,0,0,0,0,0.666666666666667,0,0,0,0,0,372.333333333333,582,72.3,12894.6666666667,10098.6666666667,48.3333333333333,48.3333333333333,100,158.333333333333,161.666666666667,98.6,164,367,50.1666666666667,0,1.33333333333333,9,0,0,0.666666666666667,0.666666666666667,0.666666666666667,0,0,1,0,1,0,0,0,0,0.666666666666667,5.66666666666667,1.33333333333333,616.333333333333,477,611,6,0,0,616.333333333333,0,0,NA,0,NA,320.666666666667,1849.33333333333,926.333333333333,0,0,0,0,NA,3.66666666666667,0.666666666666667,0,0,0,3.5,2022,"Newcastle United",NA
"22","Neto","GKP",27,27,2385,26.5,39,1.47,138,100,74.6,9,6,12,6,22.2,5,4,0,1,0,0,0,NA,0,0,NA,NA,NA,0,0,0,0,0,0,4,0,0,0,0,0,521,833,62.5,15893,12592,109,111,98.2,194,201,96.5,211,513,41.1,0,0,14,2,0,3,1,3,0,0,3,100,0,0,0,0,0,3,10,3,895,768,890,6,0,0,895,1,1,100,0,0,446,2814,2029,0,0,1,0,NA,8,2,0,0,0,1,2023,"AFC Bournemouth",NA
"23","Nick Pope","GKP",36.75,36.75,3255.75,36.15,35.75,0.9875,129.75,93.5,74.575,16,13.25,7.5,12.75,34.6,5,2.75,1.5,0.75,37.5,0,0,NA,0,0,NA,NA,NA,0,0,0,0,0,0,2.5,0.75,0,0,0,0,599.5,939.5,64.525,18836.5,14167,99.5,101.5,96.275,238.5,246,96.8,257,583.75,44.175,-0.1,2,22,0.75,0,0.75,0,0.75,0,0,2.75,24.975,2,0,0,0,0.5,1.25,27.75,2.25,1029,836.25,1015.75,14.5,0,0,1029,0,0,NA,0,NA,517.75,3195.75,1917.75,0,0,1.5,0,NA,12,3.25,0,0,0,1.5,2023,"Newcastle United",NA
"24","Robert Sanchez","GKP",32.3333333333333,32.3333333333333,2909.33333333333,32.3333333333333,38,1.19333333333333,118.666666666667,81.3333333333333,70.2666666666667,11.6666666666667,11.6666666666667,9,9.33333333333333,28.5,4.66666666666667,3.66666666666667,0.333333333333333,0.666666666666667,5.56666666666667,0,0,NA,0,0,NA,NA,NA,0,0,0,0,0,0,2.66666666666667,0.666666666666667,0,0,0,0,922.666666666667,1277,73.1,23245.6666666667,14247,201,201.333333333333,99.8333333333333,495,505.333333333333,97.7666666666667,221.666666666667,556,40.1,-0.266666666666667,2,21,0,0,1.66666666666667,0.666666666666667,1.66666666666667,0,0,0.666666666666667,NA,0,0.666666666666667,0,0.666666666666667,1,2.66666666666667,10.3333333333333,3.33333333333333,1350,1020.66666666667,1334.66666666667,15.3333333333333,0,0,1350,0,0,NA,0,NA,833,4302.66666666667,2897.33333333333,0,0,0,0,NA,12.3333333333333,1.33333333333333,0,0,0,1.5,2022,"Chelsea FC",NA
"25","Robin Olsen","GKP",3.25,1.75,233.25,2.575,6.75,2.67,15.5,8.75,57.4,0.75,0,1,0.75,37.5,0.75,0.75,0,0,NA,0,0,NA,0,0,NA,NA,NA,0,0,0,0,0,0,0,0,0,0,0,0,61.75,110,55.675,1748.5,1304.25,14.25,15,95.8,24.5,24.5,100,23,67.75,34.225,0,0,1.5,0,0,0,0,0,0,0,1.5,NA,1.5,0,0,0,0,0,0.75,0,117.5,100.75,116,1.5,0,0,117.5,0,0,NA,0,NA,65.5,336.75,177,0,0,0.75,0,NA,1.75,0,0,0,0,3.5,2023,"Aston Villa",NA
"26","Sam Johnstone","GKP",9,9,810,9,10,1.11,34,25,76.5,4,3,2,3,33.3,2,2,0,0,0,0,0,NA,0,0,NA,NA,NA,0,0,0,0,0,0,1,0,0,0,0,0,207,280,73.9,5239,3382,41,41,100,117,118,99.2,49,120,40.8,0,0,3,0,0,0,0,0,0,0,0,NA,0,0,0,0,0,0,5,0,298,242,297,1,0,0,298,0,0,NA,0,NA,188,1018,662,0,0,1,0,NA,4,1,0,0,0,3,2023,"Crystal Palace",NA
"27","Stefan Ortega","GKP",3,3,270,3,1,0.33,15,14,93.3,2,1,0,2,66.7,0,0,0,0,NA,0,0,NA,0,0,NA,NA,NA,0,0,0,0,0,0,0,0,0,0,0,0,145,167,86.8,3008,1895,57,58,98.3,61,62,98.4,27,46,58.7,0,0,1,0,0,0,0,0,0,0,0,NA,0,0,0,0,0,0,0,0,174,132,173,1,0,0,174,0,0,NA,0,NA,116,392,245,0,0,0,0,NA,0,0,0,0,0,3,2023,"Manchester City",NA
"28","Vicente Guaita","GKP",29,29,2580,28.6666666666667,33.3333333333333,1.16666666666667,116,83.3333333333333,73.5333333333333,8.33333333333333,10.3333333333333,10.3333333333333,9.33333333333333,31.8666666666667,2.66666666666667,2.66666666666667,0,0,0,0,0,NA,0,0,NA,NA,NA,0,0,0,0,0,0,1.66666666666667,0,0,0,0,0,720.666666666667,936.333333333333,76.7333333333333,16962.6666666667,10187.6666666667,213.666666666667,215,99.3333333333333,316,319.666666666667,98.7666666666667,174.666666666667,381,45.8333333333333,0,0,3,0,0,0.666666666666667,0,0.666666666666667,0,0,0.666666666666667,NA,0,0,0,0,0.666666666666667,1.33333333333333,8.33333333333333,1,987,869.666666666667,984.333333333333,2.66666666666667,0,0,987,0,0,NA,0,NA,583.666666666667,2983.66666666667,1825.33333333333,0,0,1,0,NA,9,0.333333333333333,0,0,0,1.5,2022,"Crystal Palace",NA
"29","Wayne Hennessey","GKP",3.5,2.75,248.25,2.75,5.25,1.995,13.75,8.75,61.675,0,1.5,1.25,0.75,24.975,0,0,0,0,NA,0,0,NA,0,0,NA,NA,NA,0,0,0,0,0,0,0,0,0,0,0,0,56,94,59.175,2095.75,1713.75,4.25,4.25,100,23.25,23.25,100,28.5,64.5,44.125,-0.05,0.75,3.75,0,0,0.75,0,0.75,0,0,0.75,NA,0,0,0,0,0.25,1,1.5,0.25,102,83,101,1,0,0,102,0,0,NA,0,NA,50.75,277.5,154.25,0,0,0,0,NA,0,0,0,0,0,3.5,2023,"Nottingham Forest",NA
"30","Zack Steffen","GKP",1,1,90,1,0,0,2,2,100,1,0,0,1,100,0,0,0,0,NA,0,0,NA,0,0,NA,NA,NA,0,0,0,0,0,0,0,0,0,0,0,0,34,39,87.2,567,330,17,17,100,15,15,100,2,7,28.6,0,0,0,0,0,0,0,0,0,0,0,NA,0,0,0,0,0,0,2,0,42,38,42,0,0,0,42,0,0,NA,0,NA,19,86,40,0,0,0,0,NA,0,0,0,0,0,4,2022,"Manchester City",NA
"31","Adam Davies","GKP",3.1,3,277.2,1.87468692750058,2.7,0.163730773862876,6.26924524456364,4.44325148401112,13.9323323930157,1.2,0.5,1.3,1.5,7.10311572854929,0.30433229342542,0.121732917370168,0.182599376055252,0,14.2001448112301,NA,NA,NA,NA,NA,NA,NA,NA,0,0,0,0,0,0,0.6,0,0,0,0,0,37.2502727152714,59.0404649245314,11.3515945447681,936.613066246071,702.277200308498,13.5732202867737,13.816686121514,18.0286450625219,13.2688879933483,13.6340867454588,17.6451863728058,9.86036630698359,30.6158287185972,6.07447257677137,NA,0,0.669531045535923,0,0,0.121732917370168,0.121732917370168,0.121732917370168,0,0,0.121732917370168,NA,0,0,0,0,0,NA,0.912996880276259,0.0608664586850839,62.6924524456364,55.0232786513159,62.0229214001005,0.730397504221007,0,0,62.6924524456364,0,0,NA,0,NA,32.2592231030945,177.79092581913,95.9864053463773,0,0,0.121732917370168,0,0,4.9,0.3,0,0,0,3.5,606.6,"Sheffield United",NA
"32","Andre Onana","GKP",9.75,9.75,877.5,8.41509348748984,10.25,0.480384215865428,28.8509115985631,20.7258794633241,28.1493098740299,5.875,1.125,2.75,7.625,10.9152288029016,0.655569297471565,0.655569297471565,0,0,NA,NA,NA,NA,NA,NA,NA,NA,NA,0,0,0,0,0,0,0.375,0,0,0,0,0,288.153675923932,355.071192582145,33.8768115589586,7130.17905581457,4731.22171751562,75.9823169333602,75.9823169333602,41.9161635040959,132.098870576628,134.903901739124,40.9681878504478,77.7779958727931,140.724373449692,23.713983518965,NA,0.983353946207347,5.84646998742383,0.327784648735782,0,0,0,0,0,0,0.327784648735782,NA,0.327784648735782,0,0,0,0,NA,1.91305420259444,0,369.332756057058,306.257278197369,364.888801650883,4.44395440617552,0,0,369.332756057058,0.0913769863051771,0.0913769863051771,NA,0,NA,251.145871403459,1224.62588154777,791.937654162295,0,0,0.327784648735782,0,0,7.25,0,0,0,0,3.5,1011.5,"Manchester United",NA
"33","Arijanet Muric","GKP",15.9021739130435,15.9021739130435,1035.78130388252,11.5086811542502,16.375,0.268621377906022,39.7794567233868,30.0593651685825,23.4411275336556,11.125,5.5,2.625,8.75,11.4203365711453,1.21327314733719,0.909520286249555,0.303752861087636,0,8.68040109486542,NA,NA,NA,NA,NA,NA,NA,NA,0,0,0,0,0,0,1.5,0,0,0,0,0,NA,NA,NA,NA,NA,NA,NA,NA,NA,NA,NA,NA,NA,NA,NA,NA,NA,NA,NA,NA,0.303752861087636,NA,NA,NA,NA,NA,NA,NA,NA,NA,0.303752861087636,NA,NA,NA,NA,NA,NA,NA,NA,NA,NA,NA,NA,NA,NA,NA,NA,NA,NA,NA,NA,NA,NA,0,6.5,1,0.375,0,0,1.5,1011.5,"Burnley FC",NA
"34","Arthur Okonkwo","GKP",NA,NA,NA,NA,NA,NA,NA,NA,NA,NA,NA,NA,NA,NA,NA,NA,NA,NA,NA,NA,NA,NA,NA,NA,NA,NA,NA,NA,NA,NA,NA,NA,NA,NA,NA,NA,NA,NA,NA,NA,NA,NA,NA,NA,NA,NA,NA,NA,NA,NA,NA,NA,NA,NA,NA,NA,NA,NA,NA,NA,NA,NA,NA,NA,NA,NA,NA,NA,NA,NA,NA,NA,NA,NA,NA,NA,NA,NA,NA,NA,NA,NA,NA,NA,NA,NA,NA,NA,NA,NA,NA,NA,NA,NA,NA,NA,NA,NA,5,NA,"Arsenal FC",NA
"35","Ethan Horvath","GKP",31.05,31.05,2794.5,18.8990354217186,25.875,0.43686900721219,53.8211660922855,39.3045156958929,41.5778779277808,14.85,11.25,4.95,14.175,24.5961359546424,2.05424298062158,2.05424298062158,0,0,NA,NA,NA,NA,NA,NA,NA,NA,NA,0,0,0,0,0,0,0,0,0,0,0,0,339.360940398685,606.412527879491,32.8678876899453,13072.3806314835,11172.0689248765,36.7024745871056,37.9350203754785,53.2596730109155,121.611184452798,124.213225561585,53.7389963730606,178.308290717953,438.238502532604,22.555587927225,NA,0,31.224493305448,0,0,0,0,0,0,0,0.547798128165755,0,0.547798128165755,0.136949532041439,0,0.136949532041439,0,NA,9.44951771085928,1.64339438449727,634.213282883903,512.875997495188,626.681058621624,8.08002239044489,0,0,634.213282883903,0,0,NA,0,NA,317.175116207972,2267.61035154214,1478.78104698346,0,0,0.958646724290072,0,0,11.25,1.125,0,0,0,1.5,1820.7,"Nottingham Forest",NA
"36","Guglielmo Vicario","GKP",32.1,32.1,2886.9,28.0321431598841,53.7,1.29540493180381,148.420888947562,103.579949000507,56.0380635478694,8.7,10.2,13.2,6.3,15.5763265079244,6.81792069370427,3.67118806584076,1.31113859494313,1.83559403292038,20.2439799059219,NA,NA,NA,NA,NA,NA,NA,NA,0,0,0,0,0,0,1.5,0,0,0,0,0,788.518750998798,1029.76825246833,60.1812615078896,19995.6502560397,14580.1234034866,170.710245061595,170.972472780584,78.5109790651946,414.05756828304,419.302122662813,77.671850364431,201.390888183265,435.822468959096,36.4234301675201,NA,0.524455437977252,8.1290592886474,0,0,0.786683156965877,0.786683156965877,0.786683156965877,0,0,1.0489108759545,65.5569297471565,0.262227718988626,0.524455437977252,0,0.524455437977252,0.524455437977252,NA,14.9469799823517,1.0489108759545,1121.02349867638,974.438203761734,1118.40122148649,3.14673262786351,0,0,1121.02349867638,0,0,NA,0,NA,644.031277836065,3237.46341863357,2177.27675076256,0,0,0.524455437977252,0,0,18.9,3.9,0,0,0,3.5,1819.8,"Tottenham Hotspur",NA
"37","Ionut Radu","GKP",6.5,6.5,585,5.54016818020747,7.75,0.595491912342016,23.9682017467674,17.0409116333039,26.9593616030794,1.5,2.25,2.75,2.625,9.39227382002877,0.638930191838692,0,0.638930191838692,0,NA,NA,NA,NA,NA,NA,NA,NA,NA,0,0,0,0,0,0,0,0,0,0,0,0,112.291427534168,193.553143000076,27.4581400297381,3729.42834623375,2912.73023856507,13.3165920318504,13.3165920318504,42.872664549794,46.3473975667544,46.6668626626738,42.6490389826504,51.6690426478047,131.652897730036,19.7468840977467,NA,0.319465095919346,5.22070308428813,0,0,0,0,0,0,0,0,NA,0,0,0,0,0,NA,0.958395287758037,0.748191741417286,203.885287619074,173.838929497023,202.607427235397,1.27786038367738,0,0,203.885287619074,0.319465095919346,0.319465095919346,NA,0,NA,139.328379584917,720.535223696004,464.703026097288,0,0,0.42872664549794,0,0,6.375,0.75,0,0,0,2.5,1011.5,"AFC Bournemouth",NA
"38","James Shea","GKP",3.9,3.9,341.8,2.31292543003319,3.6,0.118080929849063,8.58217067459683,6.39097816193381,15.3018277134301,2,1.1,0.8,1.7,10.5664172277306,0.121732917370168,0.121732917370168,0,0,NA,NA,NA,NA,NA,NA,NA,NA,NA,0,0,0,0,0,0,0.2,0,0,0,0,0,38.8936670997686,76.2048062737251,9.26387501186977,1370.89524896414,1188.60020520232,8.39957129854158,8.39957129854158,18.2599376055252,10.3472979764643,10.7124967285748,17.8338723947296,19.3555338618567,55.3884774034264,5.41711482297247,NA,0.243465834740336,3.0433229342542,0,0,0,0,0,0,0,0.121732917370168,NA,0.121732917370168,0,0,0,0,NA,1.15646271501659,0,80.5871912990511,64.0923809953934,79.7350608774599,0.852130421591175,0,0,80.5871912990511,0,0,NA,0,NA,39.3197323105642,239.752980760545,152.896544216931,0,0,0,0,0,3.1,0,0,0,0,3.5,606.6,"Luton Town",NA
"39","Joao Virginia","GKP",3.9,3.9,350.1,2.84516147523328,NA,NA,16.9957662546408,12.5548447202092,NA,0.525,NA,NA,0.975,NA,NA,NA,NA,NA,NA,NA,NA,NA,NA,NA,NA,NA,NA,0,0,0,0,0,0,0.225,0,0,0,0,0,74.6658560480257,112.001433057955,15.687764348529,2314.61523986206,1835.21741081458,13.6496025652606,13.6496025652606,21.8951569010281,31.1911583508774,32.3425083783227,21.3030340297706,29.6606165565383,64.6934935115768,8.91139145005778,NA,0.164478575349319,2.46717863023978,0,0,0.164478575349319,0.164478575349319,0.164478575349319,0,0,0.164478575349319,NA,0,0,0,0,0,NA,1.15135002744523,0.493435726047956,120.937749120479,109.425308440393,120.115356243732,0.822392876746594,0,0,120.937749120479,0.328957150698637,0.164478575349319,NA,0.164478575349319,NA,66.49957905732,403.226861469906,223.180473239163,0,0,0,0,0,4.275,1.575,0,0,0,3.5,606.9,"Everton FC",NA
"40","Jordan Amissah","GKP",0.3,0,3.9,0.0182599376055252,0,0,0.182599376055252,0.182599376055252,18.2599376055252,0,0,0,0.3,NA,0,0,0,0,NA,NA,NA,NA,NA,NA,NA,NA,NA,0,0,0,0,0,0,0,0,0,0,0,0,0.365198752110503,1.46079500844201,4.56498440138129,5.2953819056023,2.00859313660777,0.182599376055252,0.182599376055252,18.2599376055252,0.182599376055252,0.182599376055252,18.2599376055252,0,1.09559625633151,0,NA,0,0,0,0,0,0,0,0,0,0,NA,0,0,0,0,0,NA,0,0,1.64339438449727,1.46079500844201,1.64339438449727,0,0,0,1.64339438449727,0,0,NA,0,NA,0.730397504221007,3.83458689716029,0.182599376055252,0,0,0,0,0,1.8,0.3,0,0,0,5,606.9,"Sheffield United",NA
"41","Mark Flekken","GKP",25.125,25.125,2261.25,23.8923822692227,32.0625,0.907553923510025,105.376103888885,75.0648726518115,52.7415423525079,12.375,6.1875,6.5625,11.0625,26.0141684558178,3.56602720436159,3.03112312370735,0,0.534904080654239,0,0,0,NA,NA,NA,NA,NA,NA,0,0,0,0,0,0,0,0,0,0,0,0,716.77146807668,1022.91490357112,49.9422109970841,23564.6643691418,17664.6723595256,72.3903522485403,74.8865712915934,68.8421551802005,338.415981693915,344.121625220894,70.1259249737707,305.251928693352,598.022762171439,36.39130762051,NA,2.31791768283503,39.0479978877594,2.13961632261695,0,0,0,0,0,0,0.891506801090398,0,0.891506801090398,0.713205440872318,0,0.713205440872318,0.356602720436159,NA,6.59715032806894,2.85282176348927,1078.01002387851,854.063515444601,1066.0638327439,13.9075060970102,0,0,1078.01002387851,1.96131496239888,1.96131496239888,71.3205440872318,0,0,651.334868876645,3931.36669144844,2217.35571567204,0,0,0,0,0,11.8125,4.3125,0.5625,0,0,3.5,1517.25,"Brentford FC",NA
"42","Matt Macey","GKP",NA,NA,NA,NA,NA,NA,NA,NA,NA,NA,NA,NA,NA,NA,NA,NA,NA,NA,NA,NA,NA,NA,NA,NA,NA,NA,NA,NA,NA,NA,NA,NA,NA,NA,NA,NA,NA,NA,NA,NA,NA,NA,NA,NA,NA,NA,NA,NA,NA,NA,NA,NA,NA,NA,NA,NA,NA,NA,NA,NA,NA,NA,NA,NA,NA,NA,NA,NA,NA,NA,NA,NA,NA,NA,NA,NA,NA,NA,NA,NA,NA,NA,NA,NA,NA,NA,NA,NA,NA,NA,NA,NA,NA,NA,NA,NA,NA,NA,5,NA,"Luton Town",NA
"43","Runar Alex Runarsson","GKP",20.0625,20.0625,1765.5,11.8575048993669,NA,NA,NA,NA,NA,NA,NA,NA,4.875,NA,NA,NA,NA,NA,NA,NA,NA,NA,NA,NA,NA,NA,NA,0,0.339766384583569,0.339766384583569,0,0,0,2.25,0,0,0.0101929915375071,0.0101929915375071,0,NA,NA,NA,NA,NA,NA,NA,NA,NA,NA,NA,NA,NA,NA,NA,NA,NA,NA,NA,NA,0.113234738946057,NA,NA,NA,NA,NA,NA,NA,NA,NA,0.453001123529626,NA,NA,NA,NA,NA,NA,NA,NA,NA,NA,NA,NA,NA,NA,NA,NA,NA,NA,NA,NA,NA,NA,0,15.75,3,0,0,0,3.5,1517.25,"Arsenal FC",NA
"44","Thomas Kaminski","GKP",23.9565217391304,23.9565217391304,1577.65860911737,17.5295401013042,33.75,0.54018982083012,69.6920951944211,49.7583299750561,32.5026889378348,12,6.25,10.75,8.5,13.7406030481577,0.456498440138129,0.456498440138129,0,0,0,NA,NA,NA,NA,NA,NA,NA,NA,0,0.30433229342542,0.30433229342542,0,0,0,2.75,0,0,0.00608664586850839,0.00608664586850839,0,363.524924496664,596.186962820397,28.4855026646193,10568.0910553444,7967.72377417091,77.3004025300566,77.7569009701947,45.3911615644013,151.405315979146,155.970300380528,44.2346988493847,131.319384613069,357.894777068293,17.5904065599893,NA,0.456498440138129,12.3254578837295,0.30433229342542,0,0.30433229342542,0.30433229342542,0.30433229342542,0,0,0.30433229342542,NA,0,0,0,0,0.30433229342542,NA,9.2821349494753,0.912996880276259,639.554314633519,477.801700677909,628.90268436363,11.2602948567405,0.456498440138129,0.456498440138129,639.554314633519,0.30433229342542,0.30433229342542,NA,0,NA,327.157215432326,1899.94650785489,1163.31019161867,0,0,0.30433229342542,0,0,12.25,1.25,0.5,0,0,1.5,1516.5,"Luton Town",NA
"45","Wes Foderingham","GKP",34.2,34.2,3018.6,20.4054802741744,26.775,0.435499511891775,56.6971062651557,40.263162420183,39.2360409298722,20.025,6.075,8.1,16.2,25.1713239892165,0.821697192248633,0.136949532041439,0.684747660207194,0,50.2193933995956,NA,NA,NA,NA,NA,NA,NA,NA,0,0.410848596124316,0.410848596124316,0,0,0,1.575,1.35,0,0.0123254578837295,0.0123254578837295,0,369.215938383719,555.741201024159,36.4422704762269,10731.5022802992,8114.39672298729,86.2782051861064,87.2368519103965,54.1909298287973,143.660059111469,147.631595540671,53.3144528237321,134.621389996734,314.710024631226,23.418369979086,NA,0.958646724290072,11.3668111594394,0.547798128165755,0,0.410848596124316,0.410848596124316,0.410848596124316,0,0,0.958646724290072,20.5424298062158,0.547798128165755,0,0,0,0,NA,7.94307285840345,0.273899064082878,585.185350413068,503.152580720246,583.678905560612,1.50644485245583,0,0,585.185350413068,0.547798128165755,0,0,0.547798128165755,54.7798128165755,301.973718151373,1797.1887089798,1147.63707850726,0,0,0.821697192248633,0,0,10.35,0.45,0,0,0,1.5,1820.7,"Sheffield United",NA
